Cohort ID	Likelihood Weights	Mortality Prob
0	5.476794688014809e-06	0.1334044009405148
1	7.96776798940026e-12	0.19406489868843163
2	2.026095088019178e-27	0.05002287496346898
3	0.005134190559741291	0.11046651452636796
4	0.00012603518402980993	0.07935117816342262
5	1.493000162628136e-11	0.06846771895375957
6	0.001965891747959638	0.08725204227553418
7	0.0004288842051475849	0.11911214540860955
8	2.7961898292541882e-05	0.129353494846134
9	1.3660294807963604e-07	0.1577633468006714
10	8.427204830447866e-06	0.13383890288065897
11	3.9635487097869684e-12	0.1870439000793519
12	0.005692735763941379	0.09089044994630349
13	1.0158633989257965e-14	0.2256234872781891
14	1.3128956579838804e-26	0.055477518639585235
15	1.0460691272334336e-12	0.18409350203568048
16	4.29769646818662e-05	0.1334609604734254
17	9.494947933512627e-09	0.16173796568915033
18	2.473156102818036e-07	0.07807738771904676
19	0.003216596771214501	0.08962029781697577
20	3.761695146335453e-13	0.21014891373510736
21	2.85704587964236e-17	0.24365231514387953
22	0.002233893820238809	0.11268483563184857
23	1.6771646291711444e-12	0.1884645231338628
24	6.5863349204165814e-15	0.22527783045920768
25	1.01621592646356e-15	0.22892133270076948
26	1.0555196726460761e-11	0.0670088422739556
27	2.3772604356376885e-17	0.05781095664657648
28	0.0010823380435536515	0.08396608391291378
29	3.1224794410694224e-15	0.22562850068588264
30	7.175965297279546e-09	0.06966936676661002
31	5.342054638890116e-05	0.13422152500101042
32	3.740537103147209e-17	0.24157790603010038
33	5.999501407166108e-08	0.15663305699460342
34	2.8954634693734713e-12	0.18837542279009467
35	0.0023358464576826088	0.1131031262012126
36	6.194586395490081e-11	0.18730018553631672
37	7.198735728889775e-15	0.21692513437947458
38	5.932347422621746e-36	0.05365765546883836
39	1.6920903901574049e-12	0.20002886298899353
40	4.3476802488076746e-17	0.24777221778129893
41	1.6394379165349705e-14	0.1996331308759679
42	0.004024364933606091	0.10608879841288105
43	7.944879600105399e-15	0.20785586569029774
44	1.8646321888049582e-07	0.07064520131552841
45	3.514990069995882e-06	0.13957870523518104
46	9.175080495756512e-16	0.2317191006186191
47	0.006257039998828366	0.1087228296747359
48	0.0014341454236731447	0.10755506771726975
49	3.804594982771675e-06	0.07600571442365554
50	8.401770360246153e-33	0.05387339157405942
51	4.811542303768507e-11	0.18576710658797818
52	0.009206866536975479	0.09232562320001181
53	0.009780016286434197	0.10310933187444525
54	2.8100725110970774e-07	0.14831463185606766
55	1.0585596602619673e-15	0.06067250902341608
56	7.569640253644514e-10	0.16482352109840262
57	0.0009843261808756814	0.07934571498116204
58	5.80603677835254e-09	0.16786110738065685
59	3.729452368932568e-12	0.18995167200418622
60	1.0986422513599644e-08	0.07046688576556517
61	3.247263948824541e-05	0.13281119756391369
62	9.310012973858176e-13	0.18888003154554905
63	4.31661838520861e-05	0.13283585390538055
64	5.32302157885167e-16	0.05999069178921743
65	6.962200764478247e-08	0.15717928118310232
66	3.5220129549618735e-11	0.1827589290439578
67	1.2669158267394131e-07	0.15297782241166172
68	3.3748183805034297e-16	0.2389189511981627
69	4.9665538441722455e-08	0.1673110081003986
70	3.738357529742594e-15	0.2306803830575767
71	4.4707445643386015e-05	0.07749494082924752
72	2.2315685079850497e-05	0.07785526945015171
73	1.7661802448392622e-13	0.21147825774190476
74	4.8570493736221915e-05	0.12953536739710672
75	0.00013687256070614657	0.08307083942338656
76	2.04496961953092e-16	0.23550171607920678
77	0.0009229973929176735	0.11955317194910131
78	4.084258549501592e-13	0.2001624206272311
79	1.7376513009803757e-12	0.19519959707009032
80	4.892094630670948e-15	0.22666121824116198
81	1.9095555826597744e-09	0.17473444141112177
82	2.4423263680415134e-13	0.20018848680546747
83	0.0003327632444458387	0.11977966839556851
84	0.005553626907583322	0.10398557835300522
85	7.949809229184287e-16	0.22917724363921338
86	1.6052158261076676e-05	0.13561823797425898
87	1.2874435079459718e-16	0.2429680094296771
88	1.3727268913367058e-10	0.18268829956368965
89	1.161176619652712e-10	0.17433914404182438
90	3.0770361958923453e-07	0.07294919459067505
91	3.78324225960626e-16	0.23989785174141426
92	1.0463430974899533e-06	0.1399824266959881
93	5.847327190000979e-09	0.16567792287742636
94	9.52085719329753e-05	0.13162736055225624
95	0.006444142335439865	0.09740539604860554
96	1.5314806969636004e-14	0.23067590411245076
97	5.683847552641578e-09	0.16473589733445718
98	3.3288470966319393e-37	0.0505740654062318
99	1.1427690916336427e-10	0.17342898272414478
100	0.0005746677130226517	0.11532898035441924
101	1.6992257631210025e-07	0.15541162045152185
102	4.17193998402656e-15	0.22718841986215493
103	0.001224761114865627	0.12145395200049997
104	1.6723975572068713e-15	0.23170703018395983
105	8.414465328000647e-10	0.17467202315836056
106	8.4889404693922e-36	0.05316424856931126
107	1.1104034274178346e-16	0.23588744674875228
108	4.965504459669276e-12	0.1881793835033848
109	4.511911459312735e-16	0.2494645700902961
110	0.0009672875652432095	0.08446810166906571
111	6.528216743980572e-05	0.07742714992577555
112	1.6929839882564765e-16	0.2365190926074327
113	8.903204275875899e-12	0.18936363229798003
114	2.660748892270665e-10	0.0632000345444125
115	2.9364892997604987e-13	0.20109261052049326
116	2.6782662214170547e-13	0.2007752376922493
117	1.284591491286389e-15	0.23460490710929666
118	6.671277621574457e-13	0.19230495172569434
119	9.773403347698498e-07	0.07485419239443294
120	9.206644990812802e-31	0.05397602676795912
121	2.5374705063407366e-21	0.05524219737554386
122	3.4810860019957173e-23	0.05566129760415892
123	0.010262838577817263	0.09924221352060919
124	1.5615924812449594e-14	0.22200558973657764
125	1.3607731864249579e-08	0.1577662128683306
126	4.8606518062142385e-09	0.1605643957371532
127	1.6394379165349705e-14	0.21840617847192118
128	1.7238665167666796e-05	0.07483466302398223
129	0.008090845825110193	0.10583673580222791
130	7.627151512683717e-10	0.16715185429165758
131	2.270679276814466e-16	0.2439191496639349
132	5.930760151896147e-09	0.162206043851142
133	1.0843035048982813e-41	0.053729457874588604
134	7.249277138672006e-14	0.2101265345361233
135	0.00910739656821254	0.09659485476820409
136	2.310667705846999e-13	0.21142103912375582
137	8.214666726148306e-05	0.12757212881283436
138	6.784555518285119e-15	0.22270837091188572
139	1.618738517730353e-12	0.1994243285474369
140	5.001218269060267e-09	0.1612480467980838
141	0.00011413270618784991	0.07729104513213701
142	6.289392000930714e-14	0.061983537902442334
143	3.725253722529096e-06	0.07426869114814748
144	1.8794711658871657e-20	0.05891037570895235
145	1.005551071301959e-06	0.07149882582121858
146	0.008463679503943163	0.09514186772157095
147	1.5484992555891708e-12	0.19259779607653532
148	3.3227976900443207e-09	0.1619433964108285
149	7.916792822910594e-26	0.05251119603182317
150	1.6654994075531654e-11	0.06439485593789736
151	1.3070047033740303e-17	0.2434552660000544
152	4.901990590339371e-08	0.16362009238398845
153	0.006542372175660265	0.0906586469321981
154	0.010099095537354531	0.10046514891406469
155	5.140158262754715e-12	0.1987651708150186
156	0.0011550728090261217	0.08908589622186376
157	3.5971855622298007e-09	0.16627178545465154
158	9.778990660070302e-17	0.24400399781766247
159	2.7648326488153798e-14	0.21936576029800708
160	0.010559934663228623	0.09796955182951723
161	1.6384098427023288e-06	0.148753942853746
162	1.4980456248591226e-10	0.17399114367627594
163	8.766839235542562e-15	0.21579617991003575
164	0.0014303190266419827	0.08135827892921685
165	3.6358890885742543e-26	0.053715240435481905
166	1.6093326613185426e-13	0.06400442874384447
167	1.2465552863545981e-06	0.14726902218740637
168	2.876512738737188e-10	0.17126589233066608
169	4.183067386674489e-09	0.16377028741729627
170	0.0015894836937265055	0.11347248186443215
171	1.171644651783959e-17	0.24772323088248976
172	4.1235193408574705e-09	0.16594904384915937
173	7.687651888443561e-05	0.12602823452471007
174	6.741090491664293e-08	0.16018964382357936
175	5.318960467250145e-13	0.19906688618130042
176	9.130294451797416e-11	0.18384657869063692
177	0.010044118095348846	0.10298391153256188
178	1.402882835014232e-14	0.06326696688568832
179	4.4317507712499913e-05	0.12401683958282127
180	1.133672094278953e-10	0.17594350140431292
181	0.004653336897765399	0.09203480198296793
182	5.799992468177079e-12	0.20055111074776277
183	6.980100463485656e-14	0.06330729627082299
184	0.00824468873546801	0.10206301971570819
185	1.7239587600499964e-15	0.21095091274866912
186	0.001255605966098833	0.08868685652466556
187	1.2576275664528411e-10	0.17789217617598801
188	1.8259496098500758e-08	0.15493406182474673
189	4.850603598721524e-16	0.23496159407987016
190	0.009657370356826199	0.1026593540974222
191	2.1529147450433677e-15	0.06319221813680476
192	5.515686538686524e-13	0.19701319265773393
193	3.2786763845819917e-13	0.20443560590864934
194	1.0266430304975674e-15	0.2315631705007048
195	1.5894757868810638e-16	0.2363944138393675
196	3.4746628569831788e-34	0.0527903145951194
197	0.010695490557955895	0.09687241722428411
198	5.981364668286416e-10	0.17335567140033153
199	2.7403747437672847e-16	0.2398032641375233
200	1.3715686701315278e-16	0.24003522384941595
201	3.5971855622298007e-09	0.16133063763903127
202	1.813387895970677e-15	0.23312126995325494
203	9.278265300009752e-11	0.1783132417892675
204	5.174974252802463e-06	0.12800154282824927
205	9.074569590272676e-07	0.14719813341938195
206	6.503906651112709e-10	0.17086209658399465
207	2.0492345374921962e-08	0.15990958430171254
208	3.660917661512635e-17	0.23523628534129076
209	1.7414906532909826e-15	0.23374668712672125
210	2.1600744959062262e-05	0.128975122584711
211	2.601074188801819e-16	0.2426525056881424
212	0.0012905771550538634	0.08479113333609287
213	4.354537696750122e-07	0.07526590388792748
214	1.8600302216471146e-06	0.07701583160934627
215	3.3478579026097723e-07	0.15113243313537933
216	2.466515465491363e-27	0.0543049610548396
217	5.268373124723243e-16	0.2395940422435362
218	7.944879600105399e-15	0.21542309423414652
219	1.0693702067138393e-30	0.05300379614842448
220	0.0019514373645427982	0.08523925111501104
221	0.0015243037469846086	0.1164127148733674
222	3.744942304521815e-06	0.07619936896218338
223	3.160486221694433e-13	0.2118981384253164
224	0.000872525566599174	0.1189473305366587
225	3.8226978365025883e-16	0.23802149646667342
226	4.18740752502246e-08	0.16640283598941602
227	2.6065985647758926e-15	0.22576639688236882
228	6.212884828277753e-16	0.2189468890784444
229	7.415039536100911e-15	0.23107846374172986
230	3.094257549793601e-06	0.1419760531633614
231	3.066792390942639e-08	0.15926936320407464
232	1.7378921559350858e-14	0.2097207182304079
233	0.007203838269467066	0.10714377034682952
234	3.7518794041928756e-07	0.14805070452398555
235	5.212936710045347e-10	0.16982206152917567
236	1.294753988732595e-34	0.05310665511016715
237	3.8378561358764e-09	0.16869628163932743
238	9.17194698055473e-06	0.13673526979789166
239	4.0200147233526803e-14	0.2114721057769683
240	0.0011878622047565403	0.1130489606190746
241	1.4959872164791578e-15	0.22857774170503026
242	1.2778319930324807e-10	0.1655714430569071
243	0.0026723637841088712	0.08680204032549302
244	1.7826652441679096e-13	0.2075858467651009
245	2.788241462271254e-10	0.1724062354089868
246	4.0657565829447005e-18	0.06078185441475059
247	1.9125810680479476e-05	0.13403873600022645
248	2.5083040319719514e-11	0.1858137673130859
249	3.305368826614816e-16	0.2337203555955052
250	5.947396401441766e-37	0.05008040497827149
251	1.9203010644578324e-16	0.24535182980621195
252	7.31256792946685e-05	0.1253160629491549
253	1.1092438609126195e-17	0.24475670767166452
254	8.60704375160753e-10	0.17094322019481062
255	5.090423342345569e-15	0.21576916159613863
256	6.547819614841727e-09	0.16494230094162046
257	5.603771418750152e-09	0.17561523966147008
258	0.01103485869080228	0.10711525633913879
259	1.4529021755388909e-09	0.1673666681312166
260	2.653701872715221e-13	0.20000435274053202
261	1.1538732703845959e-14	0.22166276728580847
262	5.667888186854542e-13	0.20101643769353605
263	5.850167120849187e-12	0.1896114496894606
264	2.52917863917349e-15	0.22289588601091997
265	0.001348081578174379	0.1145361993673493
266	2.3662953993749266e-10	0.18415775815751745
267	1.523050056069275e-05	0.14017478728266985
268	0.00014176468059086712	0.12642055040630346
269	2.980038218131853e-05	0.13216226998443714
270	2.1600744959062262e-05	0.1302959166939081
271	0.003372727430811181	0.11347678919165538
272	1.6215772082393852e-10	0.1743838735840603
273	1.9974949042411275e-06	0.13604945416425288
274	4.6866661295446395e-17	0.24476041558545047
275	1.1489821414129816e-11	0.18556017828686222
276	0.0072394803347333924	0.08971397768542218
277	1.0076473979827761e-05	0.13534020186960655
278	0.00021056237976381793	0.11866924795488461
279	2.7533033369427326e-13	0.2095277607917133
280	3.78324225960626e-16	0.22599965771268637
281	4.795797103045092e-15	0.23076839116527442
282	2.2137718674221235e-11	0.18254396247505245
283	0.010643055186090013	0.10404165240595156
284	0.01115302832270355	0.10047334030091795
285	4.255917524998217e-15	0.22097958853948046
286	1.4980160752290096e-08	0.15554292926174934
287	7.637723435002389e-15	0.2104322168009196
288	4.62379130985467e-09	0.16449770343832126
289	3.3591926794403712e-12	0.19662850505750223
290	5.999501407166108e-08	0.15380232549281117
291	1.0082525583976336e-13	0.2041767821003776
292	7.591004540151828e-09	0.1637715981409431
293	7.771431696968311e-07	0.14314197571839618
294	0.0003567199403757008	0.11853778159065637
295	5.670295566269349e-10	0.06364186968334083
296	9.676904063585915e-05	0.12558483586561997
297	3.761891861980208e-11	0.06592521553965047
298	2.2764552615029937e-17	0.246563422746089
299	0.0022128271242188345	0.08632257026615275
300	7.415039536100911e-15	0.21237173954410798
301	8.853489359889701e-15	0.22499232899117966
302	1.2611242324002334e-11	0.18768265047718868
303	3.5457193916211843e-09	0.16389888254907514
304	0.00017649978523079433	0.08219428736312176
305	2.6125425307661425e-07	0.14337600455266125
306	0.0006382899444892105	0.119034410231043
307	0.010013096297165448	0.09500799156281692
308	1.564653228876085e-09	0.16850237375315935
309	0.0018616535839444718	0.11245396754038339
310	2.628365089568837e-16	0.23326111069367017
311	2.1720086849965564e-14	0.23192710499031144
312	0.009267267044162295	0.10142365875643924
313	2.0327913412108594e-07	0.07217826014880585
314	0.003130296501180502	0.08859254640382258
315	1.4633594535229567e-07	0.14991683413577722
316	1.6920903901574049e-12	0.19571713359491927
317	0.009006359480932589	0.0916388876817583
318	0.01002554569690473	0.09960671167544616
319	7.318146113403809e-14	0.22033437498727343
320	5.0504108696069e-05	0.13316974365350548
321	2.14753730985018e-09	0.17333701343104724
322	0.010559934663228632	0.09673322784785002
323	5.131550961174721e-08	0.0703934518851595
324	3.792780880309645e-08	0.15317140339370597
325	1.6370681744380132e-07	0.1454281974099565
326	0.00021291975259400814	0.08053432881863265
327	4.978772075018438e-10	0.1743612463480831
328	2.5405473347126773e-09	0.15880202376278763
329	4.36128536850322e-11	0.1808274693941489
330	9.637679280413622e-05	0.07890910802493196
331	1.7071460189124133e-12	0.2003055634270488
332	0.009099679152416428	0.09440982795998454
333	2.7761911817421525e-07	0.1538703648732066
334	1.0367446965238298e-12	0.20705920564432378
335	1.0513068000908526e-19	0.05446608559836124
336	0.0015243037469846086	0.1148724919452373
337	7.866971968200832e-15	0.22458447528002223
338	1.3354921187010572e-13	0.21894192152041392
339	7.42545017514199e-08	0.15768811851890874
340	1.2849026603805192e-14	0.22332165483330263
341	2.0665082600579666e-16	0.23996119827072532
342	1.9742519478154655e-13	0.21528139952586828
343	1.098740635086285e-14	0.22082308876730777
344	1.5341108143442452e-10	0.06974868036406967
345	1.2279023545613366e-10	0.18026086646819822
346	1.7376513009803757e-12	0.19070339763053062
347	1.161176619652712e-10	0.17204816252932592
348	1.9200867983460868e-13	0.2099230523472056
349	2.235580424925873e-27	0.05691424397432685
350	1.6331556579181377e-12	0.20404774691099598
351	4.796651907807159e-12	0.1963457201479054
352	0.009408122375556093	0.10193967865967063
353	0.010531056413039789	0.10141385976442935
354	3.5750333835098773e-10	0.17646066348602557
355	0.0005858264458314185	0.11905949231821632
356	3.761695146335453e-13	0.2093177356014575
357	3.3211389325877165e-05	0.13922924640069145
358	3.415935159193395e-14	0.2065498829568344
359	1.6433967595513498e-17	0.24809435672476815
360	0.0041852304770603815	0.11004966790678002
361	0.0003123954945105757	0.07860116565161988
362	7.323473941551939e-16	0.2302616872698548
363	6.410586761614227e-09	0.15831187577747466
364	1.6752832482251689e-16	0.24494807417101644
365	9.3531232507115e-11	0.17732088000037943
366	2.5643577991895092e-17	0.2487826049220958
367	1.4675287221678817e-08	0.15921416082859033
368	1.282942966053683e-07	0.15528518678110426
369	7.896092772114237e-06	0.07708558061443399
370	5.721917810432945e-05	0.12114103419677623
371	1.6601850478791972e-28	0.05524371345927466
372	0.00033392744283894176	0.08207903590392981
373	5.930741969612236e-13	0.19912743854149922
374	4.0792397062675e-21	0.05607993798575777
375	0.00010534298375658437	0.12330861944874888
376	1.8421438425032565e-14	0.22246925056760886
377	3.010482845622922e-11	0.1885355435014709
378	2.5292434523247097e-11	0.18818842841323374
379	0.004767660592623604	0.08772736019106218
380	1.8095734213553122e-06	0.13838085614968468
381	2.243980768222468e-09	0.16631548146885825
382	1.2739253545534232e-16	0.24795034153274104
383	0.003497943944402497	0.09078124504662438
384	0.010409825517549109	0.09954658035247098
385	0.010521301820421082	0.10243461675458239
386	1.6476983435875367e-12	0.20003448265959856
387	9.217606485757093e-06	0.14139506548713857
388	1.2084026662823345e-16	0.061385887682219004
389	8.176093393980571e-08	0.15170324812204794
390	0.009037610152128187	0.0923920329287352
391	6.055226795700627e-14	0.20972084895204207
392	0.006114998634081256	0.10946627630145445
393	9.71848467788308e-24	0.05552120239090073
394	8.60704375160753e-10	0.16868648989292423
395	3.3190007973184914e-14	0.2187680857862378
396	0.00021609877160883343	0.12620322481244284
397	3.432514725704692e-13	0.1999716621452287
398	1.436177060221907e-07	0.15222829565942564
399	2.475364980503841e-08	0.15819036099243772
400	1.3149048315630398e-16	0.2418868642123505
401	1.721089278612752e-14	0.21079217829972935
402	2.004220220231514e-23	0.0564646133247148
403	3.6971326326520474e-12	0.19187745024625902
404	1.1520245829696295e-06	0.14300029631270122
405	3.591896006158953e-16	0.23950978827901998
406	0.010262838577817263	0.09428654686469767
407	0.011188533136506914	0.10341440393687316
408	1.3956458787674913e-11	0.0662947929754524
409	2.4367340088871936e-05	0.1357237657327573
410	4.713096808966615e-08	0.07180375280381367
411	1.608791503654572e-10	0.17675735212238358
412	1.1606201839709402e-13	0.2105926474747476
413	9.564028129718713e-13	0.18936009922403568
414	6.979574366571368e-13	0.20324227621515412
415	0.00045553585165338575	0.11849082396870397
416	1.4166307101248933e-14	0.21917029660553555
417	3.926582086720244e-06	0.1357537549998885
418	1.721089278612752e-14	0.21480197408246376
419	1.198861001474778e-10	0.17529923172485878
420	1.3788910178057665e-06	0.07868460973404899
421	4.97145438670118e-11	0.0656773799709896
422	1.979357600238301e-31	0.05366652858260146
423	2.1590517530398026e-11	0.0633449995278713
424	2.6064995022188725e-06	0.14171676274168638
425	3.555036079504911e-07	0.0726683845535181
426	1.2372387204905076e-27	0.055556669769733995
427	1.4256968662216398e-13	0.2009722962780935
428	5.4817398283123876e-05	0.1289700960921279
429	1.1542099930749418e-12	0.19938769912150506
430	2.203692340315223e-06	0.14048096534929033
431	2.6347319154885595e-06	0.14001734940015223
432	1.943528335551766e-06	0.14561450134356618
433	3.1778045627750603e-06	0.1448007853124388
434	3.044106718592591e-14	0.21063266842283396
435	0.0002709403210205599	0.13047850397154717
436	1.3515688169015605e-15	0.23093723206872463
437	2.500025765116574e-25	0.05741220959080717
438	3.2558826787375334e-14	0.20477486854408372
439	4.930833141433686e-07	0.07512827622754777
440	9.893834706239806e-11	0.1737027133824171
441	9.554846480599583e-35	0.05207285226704639
442	3.573418413090023e-08	0.1577254565152694
443	1.3095456233323504e-37	0.05060359132391928
444	5.160726723220148e-16	0.24023875709804093
445	1.2587240102868605e-15	0.23108040674055563
446	7.672230419268823e-14	0.20919338838845386
447	1.1139355410928373e-15	0.2330548639829575
448	4.030513546361024e-07	0.07911164623167942
449	8.351391852135075e-05	0.08154601397410666
450	0.005278484259589685	0.08752633458048681
451	5.017077738613753e-10	0.17449918045998425
452	3.591896006158953e-16	0.23116189920166036
453	2.5643577991895092e-17	0.24799103567181474
454	5.413442805680619e-12	0.1922244917531632
455	1.0735981407168362e-11	0.19636008182845904
456	1.0058929797348644e-15	0.2318586409088509
457	1.9857991004511556e-05	0.13017474647422417
458	0.01103733886680124	0.09997013604500736
459	0.0006945725354469026	0.08468603415742457
460	6.583513490750647e-06	0.07389141006674581
461	4.843710764741882e-15	0.21252211760656575
462	8.63098796952009e-05	0.07935847468344864
463	0.009943666528077807	0.10285949654538014
464	4.339416613889943e-14	0.21381783572670615
465	0.0031566994936184675	0.112117450358842
466	6.255840985741534e-17	0.2464834898585886
467	0.007364011627223665	0.10332774043032705
468	2.035403270526992e-08	0.1567306689942423
469	0.0038444713909039697	0.11289340223716993
470	1.0803773960590717e-15	0.2321545662347675
471	0.00019542177453374035	0.12331132877024689
472	2.3592114540263732e-05	0.1367184654546329
473	1.445183795243823e-07	0.15245853845567228
474	2.0882701323285972e-16	0.23777729547394266
475	2.1851171916370113e-25	0.05618980125423015
476	1.0367446965238298e-12	0.19337573272633785
477	2.628365089568837e-16	0.22820379085846781
478	7.392167722578868e-25	0.055457444703493765
479	2.5966931001580006e-07	0.15441024945050214
480	0.0005197944770978147	0.11519796235400506
481	3.1331593575221583e-14	0.2218978641731172
482	6.872935202122233e-08	0.16170331018450357
483	8.036179648482672e-12	0.1880455736325496
484	1.7219871338197538e-06	0.1405706999903075
485	9.658475977466901e-11	0.17566180750427146
486	0.005657870887606481	0.10801937033748517
487	4.8763546474007465e-30	0.05186971559330316
488	1.6941552790554157e-08	0.16535118699741816
489	0.00265452479690442	0.11228884282649257
490	1.6711978052297777e-08	0.15345351970022597
491	2.769103181528202e-16	0.23328117061077958
492	1.3702571684895907e-05	0.13529495770027922
493	0.009780016286434186	0.09947920732047709
494	0.0006048239385480955	0.1242587522558109
495	2.769103181528202e-16	0.23637222332730812
496	1.3715686701315278e-16	0.23737367626181877
497	2.986123038006203e-14	0.21886598971314264
498	7.248677920961882e-16	0.23404130286113212
499	0.007717267720972475	0.0955800579902634
500	1.0465921963576606e-11	0.06749644191071819
501	0.010894207536373478	0.09546194725693775
502	0.0026723637841088712	0.11287532322281009
503	0.0006690745364254398	0.08495317527126231
504	2.116290183249073e-09	0.1714188323944921
505	1.2377605016505913e-05	0.13271728300023228
506	2.9636147345082375e-13	0.2132703023654428
507	0.001801963836521456	0.08702607965380613
508	5.804499088549267e-11	0.19037530595126212
509	0.009786714090062671	0.09807112496982778
510	4.304666065608578e-09	0.16484381776817195
511	0.0004997646662472687	0.11979751944415779
512	6.277156338653247e-16	0.06139287989656655
513	0.01059753228073889	0.09576273419207518
514	3.297063837193005e-11	0.1828205110709587
515	5.417806712776157e-07	0.14945001867210628
516	5.233059840948273e-08	0.15380319681473575
517	0.0023522295388765766	0.0849440300217845
518	5.584340489019129e-10	0.1641431703092513
519	1.3429425863387352e-16	0.24935068504164198
520	1.120476153436876e-14	0.2133670217583244
521	5.212936710045347e-10	0.16887452476619558
522	4.1649402517662755e-17	0.24519781366618099
523	1.2459830194413343e-15	0.2303125169338643
524	5.603771418750152e-09	0.16912158672052913
525	2.632608030803882e-24	0.05648526506289142
526	7.236712745737856e-08	0.06871541916349616
527	8.981571329932067e-13	0.06307434300844528
528	3.647465772027957e-06	0.14034662973829506
529	0.0002699680768378897	0.12508696663357155
530	6.95983186227545e-17	0.24507000685405733
531	0.00032018518191621897	0.083596658639923
532	1.4922027987377107e-16	0.24455751838653106
533	9.351951423541265e-14	0.20349497377260262
534	1.9907449416551957e-14	0.21484756792489956
535	1.4744616399510534e-10	0.17652316335559948
536	1.9367883061506335e-11	0.18374655404134643
537	1.4725289919465305e-07	0.14537646670423868
538	5.543288215661312e-29	0.052627271384614455
539	0.0003327632444458387	0.12060121710836497
540	3.234633450277647e-08	0.1484143602987117
541	2.129136436729312e-12	0.1960182422180209
542	1.3866189724398468e-06	0.14372566854922186
543	2.750561938888762e-06	0.14148098321788632
544	2.370145583491124e-05	0.07753254818912064
545	1.0843035048982813e-41	0.0521777467606958
546	1.7336571403560292e-13	0.20165565209539926
547	0.002407402660671857	0.11399056761553568
548	2.1330942512038156e-17	0.24687669003870216
549	0.010765610292152741	0.09404684523183121
550	0.001730423437811471	0.11774160509633594
551	5.031932519650786e-08	0.15477922713322634
552	5.270862350654311e-13	0.20097829141210655
553	3.865137492277074e-06	0.14277155678005915
554	1.833189274004383e-05	0.07496450862233527
555	0.0024804233451779347	0.11250027569840991
556	4.054600900504138e-07	0.15090383394019893
557	2.967496145625892e-10	0.18476980160337353
558	1.4525485570329267e-13	0.20402999126241844
559	2.634841957459406e-05	0.07606715619087086
560	1.9785764156456802e-23	0.05458302626447636
561	1.5673455743420056e-06	0.15381646444239788
562	5.774516732573412e-14	0.2119977421324833
563	3.9169700196067915e-41	0.052520753405975264
564	1.6240440197766305e-11	0.18449396893074682
565	6.8881261790142064e-12	0.18736164533139837
566	7.285207652723426e-06	0.13984935071732751
567	5.662818032191438e-16	0.23295773734838687
568	1.1068017755834626e-10	0.1788722169513986
569	6.783311532598405e-40	0.05104796753029317
570	6.842855949736302e-07	0.14688568910287514
571	2.2190018022422046e-15	0.22186356121952
572	3.6182101912592846e-14	0.2160799140074679
573	5.7574531136900065e-11	0.17983083942249561
574	3.670127910993687e-11	0.18473968477972635
575	1.975328721077453e-10	0.16569991595784012
576	0.004653336897765412	0.10482395503337044
577	2.055110474388416e-09	0.16210599810721177
578	6.296028270968307e-11	0.18434595696348405
579	0.00016926514402219227	0.12048592604328177
580	2.584462819909462e-14	0.22116567345078558
581	0.0009068126254738641	0.08900749720174146
582	5.667888186854542e-13	0.19946416206638468
583	0.0037928192748053115	0.10792054923737548
584	3.659823605506775e-13	0.2047598574488364
585	1.6360958159285816e-05	0.13554746586721525
586	1.9200867983460868e-13	0.21153968182244193
587	0.0010792592360403814	0.12070697253359808
588	0.0049829812993344965	0.09273864752591623
589	2.091925437287801e-12	0.20345690168435332
590	0.00250318605784069	0.11172838952613023
591	1.2392391350565857e-13	0.19664901354528552
592	5.951791349645364e-12	0.1988946306155464
593	0.011195058973289757	0.09427934018164022
594	0.00175700351244701	0.0928224273641297
595	0.003763472271597566	0.08978958468541334
596	5.5766930618903005e-05	0.07850366755316894
597	0.00045553585165338575	0.12541651984146684
598	7.607688901907669e-22	0.055325576938324295
599	9.831263399379208e-09	0.07218407380684813
600	6.296028270968307e-11	0.18491280475268213
601	1.6703617959179025e-13	0.20995530737947726
602	7.226149955581602e-11	0.06610590542567718
603	0.010521301820421072	0.09634046209715841
604	0.005876654413428247	0.09152513236076287
605	1.5579110843936154e-15	0.23346671261632612
606	8.35834361940698e-13	0.19226290362729737
607	6.611671715918359e-08	0.16077692221028286
608	0.0020195433180235926	0.11090359758412405
609	1.8673785463006574e-13	0.21697080952635972
610	6.483866994039475e-06	0.137061191525904
611	1.9002632168159152e-16	0.23469124302375505
612	5.095940431918326e-12	0.19121036086718662
613	4.031028142191558e-06	0.14560626159305667
614	0.00011054128052863657	0.07524202074987174
615	1.661386119181108e-17	0.24520871009354955
616	0.0012976603940802953	0.08196673006881867
617	0.011167437636228588	0.09052042504393253
618	5.069130666128538e-06	0.1362363510320742
619	1.8505646414263334e-05	0.13084038115502944
620	8.31702034355444e-05	0.07935029615285882
621	4.4338583005542817e-13	0.1958637838722247
622	0.001520297481352382	0.0877490133754372
623	1.8841432481143454e-10	0.17877912886233255
624	2.310667705846999e-13	0.20086119011525977
625	0.008645591006945532	0.09214647841666415
626	1.1139702730498064e-08	0.170190849621528
627	6.409782113938601e-14	0.19978567504916728
628	2.8100593445761455e-10	0.1776437421240667
629	3.783064778466257e-09	0.16942546058932983
630	0.006595997947097673	0.10909645713109942
631	8.981571329932161e-13	0.19632129424830175
632	3.287189280914269e-17	0.23906168799998995
633	4.412370113736983e-05	0.1351122780523094
634	1.1497956879163293e-13	0.20643636336628107
635	3.813753032102092e-15	0.061228207932383066
636	2.6603044243066134e-14	0.21705432049799317
637	0.0029938971174657534	0.08845000336442954
638	1.3375703807147143e-05	0.12901937377799466
639	0.0060441847192573535	0.1100162091850713
640	1.4525485570329217e-13	0.06602072876120986
641	1.689413891319609e-15	0.2309262005872486
642	0.0010398584855886277	0.12403083551074766
643	2.314218533316375e-08	0.1561394876952279
644	8.718146496765259e-07	0.14882325317926504
645	1.3866189724398318e-06	0.07643222838858764
646	0.0017348328871478501	0.09129081177788662
647	6.14958300282523e-13	0.06523776180646423
648	3.9590654463365043e-07	0.15158433998905751
649	0.011164095110278082	0.10230991036659742
650	7.914360064725563e-05	0.12141232177655839
651	4.69030334849053e-09	0.07161306573944737
652	7.046461141812089e-14	0.20751036793050143
653	4.7239049999099375e-09	0.07131677535776022
654	8.888587208456286e-17	0.24714176474263755
655	0.0014456710898637702	0.08543223288768348
656	1.5997713767898985e-09	0.16448102248692986
657	4.516796845509218e-22	0.05896906691781763
658	7.818520626642257e-14	0.20742325793116684
659	0.0036906460109742026	0.08792118956365931
660	3.6451489661120406e-08	0.15558079568162533
661	2.795799394027429e-12	0.19801550863181433
662	6.555855546770923e-05	0.0799862969834512
663	1.431498788145025e-09	0.16021743483739437
664	0.011129517632231457	0.09332344166575589
665	1.2069099997674562e-12	0.20183920986342896
666	9.450453029067809e-12	0.19458303871124277
667	0.006622820281214676	0.08530980685541661
668	2.2359562602006296e-14	0.22239331153341468
669	1.3257366820047172e-24	0.053955019903268855
670	1.2975146265472196e-14	0.22204739948462304
671	4.273950084733025e-09	0.16178076223218768
672	1.9488733212237568e-05	0.13064409442116987
673	1.7223326184669724e-12	0.2017493862044673
674	2.1669943000253036e-12	0.193385800338494
675	3.410079584673257e-16	0.24746523496168532
676	0.008287112689075537	0.10561700972259656
677	1.0081191814704308e-39	0.05075873448186852
678	5.43399667017454e-16	0.23678052166297758
679	2.174725900175794e-15	0.22157942090757876
680	2.67592504516277e-12	0.19577017550385117
681	1.720441173575305e-07	0.1533377565843077
682	2.7482343505255186e-11	0.1913912490497522
683	2.7533033369427326e-13	0.20610591137534856
684	0.00023519455824180625	0.12497518870737188
685	1.0567244836495754e-13	0.20406450506599155
686	9.913287576160188e-13	0.20012486383503508
687	2.640058216303982e-10	0.17264224230885195
688	6.895858109793577e-05	0.13037318479356746
689	1.915201722609304e-12	0.1894616038528682
690	9.559367082956328e-34	0.050622571565038424
691	1.0367446965238298e-12	0.20497932934491958
692	1.689413891319609e-15	0.2292833204913694
693	0.010812117877945622	0.09786314148750093
694	4.4856374200117077e-07	0.07415343686184594
695	0.008943436936996738	0.09405679755874552
696	0.004982981299334511	0.11041934625801966
697	6.025184420347355e-15	0.22660570171276684
698	6.828714759764047e-08	0.1586332860476189
699	0.006417375410793865	0.10734232992128612
700	6.838109169684639e-05	0.07767093795858931
701	0.0042239936172812674	0.10802889262090834
702	1.1278588666616713e-09	0.17277421794825054
703	0.0034628977877356145	0.11482770597948933
704	2.6205799632673136e-06	0.1414720363381997
705	4.569609291672937e-06	0.13882342140332288
706	2.214437744382741e-14	0.21562707214630245
707	1.9397412499698882e-05	0.13526963084724614
708	0.0005404919686636877	0.11913976423510048
709	3.324397468667401e-11	0.18499432096182106
710	0.010318556575795305	0.09429641114670576
711	3.609145469637877e-06	0.14344916478531078
712	0.0048665675836636856	0.11295313746480329
713	1.583513491177409e-10	0.17537112043256692
714	1.6723975572068713e-15	0.22547209493896253
715	3.4050452671654022e-06	0.1395378000291257
716	4.216825320887668e-14	0.20689148375838462
717	9.590561937171804e-06	0.14139314011231008
718	6.245106784954147e-11	0.18124586634342627
719	3.0760545303666266e-05	0.07636819500550043
720	8.858170548530753e-06	0.13659630139352963
721	9.118517351569507e-15	0.23186239773098732
722	1.6236062010560954e-09	0.17109580020618692
723	1.1497956879163293e-13	0.20335491744742046
724	1.6992257631210025e-07	0.15094012161917886
725	7.473366272208237e-08	0.1496111249656015
726	1.5314806969636004e-14	0.21857996803857
727	3.3701491962759426e-13	0.06356138686819075
728	9.695381333225465e-09	0.16465445430993692
729	5.604739438077321e-16	0.23855251508658987
730	7.973082165454338e-09	0.15357200963446438
731	0.0074083936250435595	0.0888931619055769
732	1.0258773356134547e-14	0.21958787848869527
733	0.010656389532068608	0.10032782847117057
734	6.542302920610385e-12	0.19014520729650758
735	3.549810966646922e-08	0.15805218807937998
736	1.4659392326738526e-15	0.23976725765604395
737	8.937541665374075e-10	0.1748673404805352
738	1.3757788815340981e-14	0.2175955924095459
739	2.4934994750312815e-36	0.05158657523890462
740	1.0987175002223634e-16	0.24786801123332763
741	5.082691926152154e-13	0.0655429140664773
742	0.0010885163654011786	0.11442590272295393
743	3.237325985768042e-16	0.2392304790913531
744	1.4968673017030312e-39	0.05178782047424901
745	1.8965474903317565e-14	0.2145460010843871
746	1.9525273338735303e-14	0.22224232767335889
747	1.6052158261076676e-05	0.1379661628417145
748	0.011168513270394252	0.10114903876118625
749	2.882965971337726e-13	0.21053790392665972
750	1.7604089796157178e-06	0.14557240088644424
751	2.634841957459406e-05	0.07686772173113923
752	9.36464104806466e-16	0.23556979856500215
753	1.6929839882564765e-16	0.22919399340132968
754	1.602506074670851e-06	0.14830903000338708
755	1.2975146265472196e-14	0.22134049930355842
756	1.2437906098664498e-05	0.13371560515281972
757	1.4435225600190974e-11	0.18669298003326024
758	7.84898068002686e-05	0.12959812788158448
759	1.657542043726573e-07	0.15114840349016206
760	0.004800537487532766	0.08791034056678547
761	8.609912552205357e-17	0.24299778482218276
762	0.0037415429546104736	0.10884313764885095
763	1.889067772984514e-08	0.07069191122328028
764	3.2472639488245185e-05	0.07886308004580962
765	6.157010525124583e-42	0.0528184588384886
766	8.678253602097479e-12	0.19318913989247893
767	7.432720607639285e-09	0.16289966404817482
768	4.1369920384923947e-14	0.20891567023695046
769	1.6168359738662504e-07	0.1514159846568273
770	7.892687904710264e-14	0.20836420790083077
771	4.9309977227245826e-11	0.1891528428543679
772	5.774516732573412e-14	0.20556969537183506
773	1.7075918440570333e-05	0.13129657379541726
774	1.0633888239788076e-10	0.17955412663749626
775	0.00035059655165434075	0.08595885953859489
776	0.0014418214479244866	0.1143639926775808
777	0.002324967671665219	0.0845209240239585
778	7.01267716788332e-05	0.1317274450026525
779	0.011190251626186634	0.09828374959311977
780	2.4032279445344326e-05	0.1313843988258716
781	3.9471242005834666e-17	0.24504446848746242
782	0.001985282706537023	0.11406386516440625
783	6.058667100893908e-17	0.24649818899497905
784	4.076753820671535e-10	0.17726122517119675
785	7.042159294133946e-05	0.1250182036787822
786	4.465502128570454e-14	0.22149689981671933
787	1.8265194374534217e-11	0.17391734787371477
788	0.011183097845152274	0.10040661602616788
789	1.360677943855944e-13	0.20857113559537754
790	9.782253471656713e-06	0.1365877017468326
791	0.0003705139006545188	0.1215022334660883
792	0.0015202974813523895	0.11605538730501619
793	7.699762219159815e-12	0.18947377512262792
794	0.005657870887606481	0.10373002478124532
795	4.856707736084399e-13	0.21165560274107603
796	0.0029113378319317075	0.10905775887996956
797	3.817937902356954e-08	0.15882427671707144
798	3.4087725883085316e-07	0.14758429836104048
799	1.1882472691024142e-14	0.22107128251907399
800	2.454019874190932e-15	0.22767728687907718
801	0.00367617419292606	0.08687688847355335
802	4.754829031043728e-10	0.16706969178765022
803	1.7951446615830022e-15	0.22964100920342745
804	1.7568460850670646e-05	0.13922344380688595
805	2.52917863917349e-15	0.2343736610967631
806	0.011006352816910028	0.10579817809139419
807	3.3468812174947416e-09	0.17176623483875914
808	2.9856680850620756e-11	0.18649074195336307
809	0.010863199135301928	0.09564114667009682
810	1.0295703104506886e-27	0.052753502511543364
811	4.337493226968942e-06	0.13334479247413922
812	2.9194153632130915e-17	0.23769637837134683
813	0.0003374410197361447	0.11860562196608132
814	1.8501262234821174e-13	0.20594885909652
815	0.0006774869417914803	0.08494726256548149
816	0.00023177162274884682	0.11839056726049049
817	4.373839919918893e-05	0.07891954416761936
818	3.9635487097869684e-12	0.1933541628292752
819	3.861514447070673e-12	0.18986152473936285
820	7.634148226072834e-12	0.1876994635897838
821	0.01019985157838652	0.10067920689725994
822	3.9635487097869684e-12	0.1884720243246818
823	0.009969100040172162	0.09545950818318992
824	8.99140349470194e-06	0.13492982318626795
825	0.00014738141581870765	0.12438442433353745
826	0.0049163271525000055	0.12106158232402445
827	3.2546609525363065e-18	0.06153096144825128
828	2.2576026482752632e-10	0.17632932537318796
829	2.723259517834329e-12	0.1914633205363399
830	2.916888529542841e-09	0.17271773890056713
831	6.995946739261417e-11	0.17966255123262492
832	0.0026308606624384097	0.08398814284345155
833	3.1463621070653795e-05	0.07988935978777251
834	5.301799532494158e-08	0.15283500870517658
835	2.8458635294835254e-14	0.2250665452709078
836	0.0011486004330273413	0.08679068830944442
837	5.846760316098221e-07	0.142567823741652
838	1.4172616775765803e-05	0.1357864668059806
839	6.162406934989602e-07	0.14945783718390326
840	0.0002493301007098532	0.08230215409720239
841	0.0003530350294467646	0.11848812822696211
842	0.009502298066196466	0.10237608082070404
843	4.089591095235983e-15	0.21890538864589582
844	1.3734448410571458e-13	0.21006644915528033
845	3.3360970278297505e-05	0.13532783165362872
846	3.68739406534334e-10	0.1714030921578078
847	9.140550093362897e-05	0.079093122053244
848	5.108361424377331e-07	0.15192265884351175
849	0.006488776991413275	0.10938941715738092
850	7.637723435002389e-15	0.22193019071384024
851	3.243052064565735e-11	0.18431967618127798
852	1.3297342063800784e-10	0.17669480252448422
853	2.0641182461641535e-06	0.07495026001383585
854	1.2395670674903768e-06	0.14411757589977714
855	9.46086032504777e-16	0.24731455591737633
856	2.9194153632130915e-17	0.239659834814533
857	2.2224619040873061e-10	0.17901712805208875
858	4.609692602622028e-05	0.08034497420639473
859	1.340357955766568e-10	0.177825369743981
860	4.930451232597861e-09	0.1631324225087855
861	6.882675507992776e-07	0.1437331675322504
862	9.263477215946006e-06	0.13560749389365404
863	7.537885284656821e-09	0.169853951131606
864	3.832223542905947e-14	0.21999397770319312
865	2.055350508525061e-12	0.2002242080743875
866	1.4475367519814237e-08	0.16587210805944663
867	1.1602785708996683e-15	0.23494083630720564
868	4.856707736084278e-13	0.06294799668830978
869	3.431941337198818e-17	0.2482693017463618
870	1.966045958390383e-15	0.06059890853359791
871	0.0020842762407194838	0.08989910922771227
872	2.013915156997526e-05	0.13455053232891218
873	8.884956863722494e-08	0.07150177523703355
874	5.350414866840021e-11	0.17473408219954037
875	2.7837422146795565e-19	0.05959851280977346
876	0.003435006544324089	0.10692477620138843
877	3.1378381613279933e-16	0.06220733622393422
878	8.678253602097479e-12	0.19070386622101626
879	8.979445059017765e-12	0.1836912335178964
880	0.0003782279236713827	0.12571611865012045
881	0.00842188611983205	0.08763885200596425
882	1.52186500534304e-13	0.19940096580598904
883	0.0025318345669332067	0.11807585815309346
884	5.036686627489313e-13	0.20906023348112857
885	1.26774401426829e-06	0.14758018783592408
886	2.355234747304502e-07	0.15513388887019589
887	7.090977892868354e-29	0.05569816989831344
888	6.755815758391578e-10	0.17884640397580637
889	0.001532340000182246	0.12013130048643349
890	0.010830756444329981	0.09584100545841315
891	1.0277164269881148e-05	0.1367766752423401
892	0.00024041146254487287	0.12649349145418354
893	7.167628226965675e-07	0.14395780801727204
894	9.079284694191356e-17	0.24589667083596128
895	0.00013740863803968638	0.1228756140736461
896	4.640569811414901e-13	0.2048820266672079
897	7.75253813326576e-09	0.16055351930997852
898	8.89779411411563e-16	0.2278262178214966
899	0.00018261992174475834	0.1209905702299144
900	0.01041505668077698	0.09910373603730149
901	1.1841558222731797e-15	0.23220384793139365
902	8.714051431797592e-18	0.058706852751553074
903	5.305253984737205e-18	0.2401506856122005
904	2.2770500264631515e-09	0.16128138313418505
905	0.0001526038526235754	0.1252726433374175
906	1.2084026662823515e-16	0.2490104644678222
907	5.367488178131518e-13	0.06167252922952633
908	6.020173178674665e-07	0.15334127195352243
909	2.4666123462515533e-25	0.05621941509110957
910	1.43763938825535e-08	0.1642351478372467
911	0.0007571747605187133	0.08609370179902312
912	2.9366352174266526e-11	0.1761918400679061
913	3.621736315052475e-17	0.2461847351501163
914	9.656224649763463e-16	0.22498051024247617
915	2.6205799632673136e-06	0.14036724988417415
916	9.736317023136692e-11	0.19169217401034344
917	4.9122955668393005e-14	0.20549375000063785
918	1.0684353664455196e-07	0.14896861683651275
919	1.5478875788842879e-07	0.155706698035513
920	4.510050146516027e-05	0.08015687967443852
921	0.00021213141181009322	0.12387998512238126
922	4.569597925169171e-05	0.07844425061455734
923	1.1645666488890987e-12	0.19537875066891253
924	7.682315532475982e-07	0.14540259888045265
925	2.150034857506293e-05	0.1397757673413531
926	2.8818673396816742e-15	0.2271995942330703
927	1.6261780661132975e-08	0.15552375446231229
928	1.122703997894367e-05	0.131818166383372
929	0.009725990970802196	0.10377840444252917
930	1.610450549787808e-11	0.064402407033954
931	1.4309629616223696e-05	0.13362722674506317
932	2.4762635234228432e-21	0.05515069648131668
933	0.00043323223351661027	0.10823078811048562
934	7.767143285236565e-08	0.1507019019696793
935	2.9194153632130915e-17	0.24318661300394445
936	3.2998211285243784e-08	0.07187658283871692
937	6.8881261790142064e-12	0.1846082108433244
938	1.5968427344250245e-07	0.14998647421984002
939	1.1825696932042854e-13	0.2054196458551566
940	0.00012854394125169148	0.07872139957484187
941	1.0987406350862655e-14	0.06664052728717512
942	9.676904063585915e-05	0.12984372107049075
943	8.209272259975664e-13	0.20939245039598003
944	0.00551900099474651	0.08833514778197803
945	2.557632500523855e-13	0.20355543842945484
946	0.006542372175660281	0.10805959941237364
947	0.01087369527953536	0.09337829752235907
948	2.8265630499999148e-34	0.05334311781540129
949	0.00014795377383423263	0.12973181198447575
950	8.630987969520113e-05	0.12621629825869046
951	1.6240440197766305e-11	0.18186898723907297
952	7.707729254515227e-13	0.06418368009407745
953	3.6975847715765325e-05	0.08052079740845437
954	3.6965819714491313e-32	0.053315176580186835
955	5.724298800772415e-09	0.07275927128948137
956	2.3467637937614672e-11	0.18035785520201808
957	5.5053398115483515e-05	0.13053137043498386
958	0.003435006544324089	0.11420526283346318
959	4.014355819000271e-10	0.1615823988487545
960	1.2473068854066083e-16	0.24869209261997
961	8.183177102815409e-15	0.21689730280360592
962	1.129665637830157e-11	0.1899246364799168
963	2.196754211646982e-15	0.2336517178264116
964	1.3452605093632624e-20	0.057945741336616965
965	1.7970548222450238e-10	0.06406668832310505
966	6.882675507992776e-07	0.14480125799761093
967	0.00031794270429140063	0.11983348259141546
968	1.1253477420432484e-15	0.23745041242568982
969	6.828714759764047e-08	0.1479129922290337
970	1.9542829731944457e-08	0.15792982201867012
971	5.901111029349773e-16	0.22905207314624415
972	6.45649732693429e-07	0.1393270091647381
973	7.967544914273577e-14	0.22540687785407038
974	0.00943001751418083	0.10071634987432568
975	0.008185063211457067	0.10476194083162171
976	0.0015202974813523895	0.11567227801751803
977	4.561039924686981e-08	0.1595128540961907
978	0.005929452158825824	0.09402573480539625
979	2.4262235122480578e-11	0.18428583421625466
980	7.816473454038798e-05	0.07855865656060008
981	8.752613633274862e-12	0.06882005489992789
982	1.0880286720148371e-14	0.22403834924107552
983	0.008202126106500408	0.0973737407113997
984	9.405304254468974e-05	0.12720080220451913
985	4.35604881965695e-08	0.16430841854506645
986	1.243233563682398e-07	0.15516039399029402
987	3.1604862216944097e-13	0.06520477588842138
988	8.98929465831868e-16	0.2248251871196057
989	1.813387895970677e-15	0.24022712368373844
990	3.415935159193395e-14	0.21250146083493437
991	0.0068106765109809874	0.10676036698937486
992	8.732438322407243e-09	0.15556935922359189
993	0.0011945060698115488	0.1178833448035219
994	2.683005781190968e-08	0.16093346215753335
995	3.0812673811172306e-17	0.24488069378260052
996	0.002324967671665219	0.11234058354379628
997	1.8400982563695225e-10	0.18375932118457394
998	0.0019227565535839216	0.11519344146179718
999	3.351008511643921e-14	0.20489545320301594
